Series Name,Series Code,Country Name,Country Code,1990 [YR1990],2000 [YR2000],2011 [YR2011],2012 [YR2012],2013 [YR2013],2014 [YR2014],2015 [YR2015],2016 [YR2016],2017 [YR2017],2018 [YR2018],2019 [YR2019],2020 [YR2020]
"GDP, PPP (constant 2017 international $)",NY.GDP.MKTP.PP.KD,Afghanistan,AFG,..,..,57360414056,64675178728,68297470348,70158264544,71176481719,72785293846,74711922905,75600418107,78557606647,..
"GDP, PPP (constant 2017 international $)",NY.GDP.MKTP.PP.KD,Albania,ALB,16195676087,18583269635,32779412691,33244069386,33577170690,34172993146,34931207194,36089108511,37461287688,38986449579,39859773444,..
"GDP, PPP (constant 2017 international $)",NY.GDP.MKTP.PP.KD,Algeria,DZA,2.25296E+11,2.70392E+11,4.06144E+11,4.19953E+11,4.31712E+11,4.48117E+11,4.64697E+11,4.79568E+11,4.85802E+11,4.91632E+11,4.95565E+11,..
"GDP, PPP (constant 2017 international $)",NY.GDP.MKTP.PP.KD,American Samoa,ASM,..,..,..,..,..,..,..,..,..,..,..,..
"GDP, PPP (constant 2017 international $)",NY.GDP.MKTP.PP.KD,Andorra,AND,..,..,..,..,..,..,..,..,..,..,..,..
"GDP, PPP (constant 2017 international $)",NY.GDP.MKTP.PP.KD,Angola,AGO,68524299956,77517262957,1.85904E+11,2.01785E+11,2.11782E+11,2.21996E+11,2.2409E+11,2.18309E+11,2.17987E+11,2.1362E+11,2.12285E+11,..
"GDP, PPP (constant 2017 international $)",NY.GDP.MKTP.PP.KD,Antigua and Barbuda,ATG,966654847.2,1391930019,1571247040,1624243100,1614483406,1675764799,1739867714,1835521960,1893259104,2033155752,2127873345,..
"GDP, PPP (constant 2017 international $)",NY.GDP.MKTP.PP.KD,Argentina,ARG,4.61383E+11,6.86729E+11,1.017E+12,1.00656E+12,1.03077E+12,1.00487E+12,1.03232E+12,1.01084E+12,1.03933E+12,1.01267E+12,9.91523E+11,..
"GDP, PPP (constant 2017 international $)",NY.GDP.MKTP.PP.KD,Armenia,ARM,18327906065,12426495761,27975112937,29989321069,30978968665,32094211537,33121226305,33187468758,35676528915,37531708419,40384118258,..
"GDP, PPP (constant 2017 international $)",NY.GDP.MKTP.PP.KD,Aruba,ABW,2275001195,3727000980,3569762500,3520861644,3668675595,3679681622,3889423507,3971101384,4050523376,..,..,..
"GDP, PPP (constant 2017 international $)",NY.GDP.MKTP.PP.KD,Australia,AUS,5.34253E+11,7.4026E+11,1.02379E+12,1.0639E+12,1.0914E+12,1.11905E+12,1.14358E+12,1.17527E+12,1.20231E+12,1.23777E+12,1.26451E+12,..
"GDP, PPP (constant 2017 international $)",NY.GDP.MKTP.PP.KD,Austria,AUT,2.89196E+11,3.74002E+11,4.48304E+11,4.51355E+11,4.5147E+11,4.54455E+11,4.59066E+11,4.68199E+11,4.79434E+11,4.91804E+11,4.98781E+11,..
"GDP, PPP (constant 2017 international $)",NY.GDP.MKTP.PP.KD,Azerbaijan,AZE,55540624744,32705257850,1.27554E+11,1.30364E+11,1.37982E+11,1.41842E+11,1.4333E+11,1.38939E+11,1.39153E+11,1.41241E+11,1.44374E+11,..
"GDP, PPP (constant 2017 international $)",NY.GDP.MKTP.PP.KD,"Bahamas, The",BHS,9762057512,12076240811,13036202738,13438589495,13078572434,13216461977,13246923030,13438213432,13856896226,14276205791,14450071969,..
"GDP, PPP (constant 2017 international $)",NY.GDP.MKTP.PP.KD,Bahrain,BHR,19143294360,32835915082,56440015074,58544160034,61715403402,64400264666,66000855035,68349250017,71282082008,72550499217,73870319406,..
"GDP, PPP (constant 2017 international $)",NY.GDP.MKTP.PP.KD,Bangladesh,BGD,1.56587E+11,2.47366E+11,4.53037E+11,4.82581E+11,5.11602E+11,5.4261E+11,5.78166E+11,6.19293E+11,6.64404E+11,7.16651E+11,7.75077E+11,..
"GDP, PPP (constant 2017 international $)",NY.GDP.MKTP.PP.KD,Barbados,BRB,3648937306,4106450808,4370662427,4350749419,4289553345,4284210831,4389118386,4497911405,4519281463,4493054574,4488735151,..
"GDP, PPP (constant 2017 international $)",NY.GDP.MKTP.PP.KD,Belarus,BLR,90636010186,80367532170,1.72902E+11,1.75819E+11,1.77584E+11,1.80649E+11,1.73731E+11,1.69342E+11,1.7363E+11,1.79098E+11,1.81287E+11,..
"GDP, PPP (constant 2017 international $)",NY.GDP.MKTP.PP.KD,Belgium,BEL,3.55166E+11,4.42615E+11,5.33431E+11,5.37374E+11,5.39842E+11,5.48363E+11,5.59558E+11,5.66646E+11,5.75758E+11,5.86192E+11,5.96414E+11,..
"GDP, PPP (constant 2017 international $)",NY.GDP.MKTP.PP.KD,Belize,BLZ,899858477.3,1612835269,2369290968,2426473397,2458069113,2547428774,2620021383,2622250529,2671291731,2726826531,2734289323,..
"GDP, PPP (constant 2017 international $)",NY.GDP.MKTP.PP.KD,Benin,BEN,10829251970,17015312597,25618692190,26851264682,28782255585,30612139032,31156469107,32196993426,34023063768,36301676625,38794036239,..
"GDP, PPP (constant 2017 international $)",NY.GDP.MKTP.PP.KD,Bermuda,BMU,3913226389,5143363315,5541487978,5247495466,5232817773,5039147650,5078227736,5044853304,5227044137,5204421422,5228356032,..
"GDP, PPP (constant 2017 international $)",NY.GDP.MKTP.PP.KD,Bhutan,BTN,1477849969,2400402786,6062852899,6373174014,6508283559,6884234277,7341501097,7938147353,8307416844,8561219215,9029048970,..
"GDP, PPP (constant 2017 international $)",NY.GDP.MKTP.PP.KD,Bolivia,BOL,31491964100,45589360528,69907483850,73488337955,78482613664,82768211466,86788418466,90489007926,94285208488,98267460721,1.00446E+11,..
"GDP, PPP (constant 2017 international $)",NY.GDP.MKTP.PP.KD,Bosnia and Herzegovina,BIH,..,26755118627,41023484847,40686338885,41642409531,42122900928,43424146483,44791923252,46212469927,47940849156,49224782196,..
"GDP, PPP (constant 2017 international $)",NY.GDP.MKTP.PP.KD,Botswana,BWA,11676288630,18799578991,29768431465,31094955778,34622180049,36058745098,35446490891,36972025427,38045692207,39749696577,40928722522,..
"GDP, PPP (constant 2017 international $)",NY.GDP.MKTP.PP.KD,Brazil,BRA,1.56717E+12,2.02707E+12,3.02559E+12,3.08371E+12,3.17638E+12,3.19238E+12,3.07919E+12,2.97832E+12,3.01772E+12,3.05747E+12,3.09222E+12,..
"GDP, PPP (constant 2017 international $)",NY.GDP.MKTP.PP.KD,British Virgin Islands,VGB,..,..,..,..,..,..,..,..,..,..,..,..
"GDP, PPP (constant 2017 international $)",NY.GDP.MKTP.PP.KD,Brunei Darussalam,BRN,18428919885,22996076890,27317473701,27566838985,26980760126,26303987537,26200774965,25551541320,25891019750,25904544646,26906819939,..
"GDP, PPP (constant 2017 international $)",NY.GDP.MKTP.PP.KD,Bulgaria,BGR,1.05155E+11,83281919815,1.31919E+11,1.3239E+11,1.32821E+11,1.35325E+11,1.40725E+11,1.46101E+11,1.51219E+11,1.55895E+11,1.61654E+11,..
"GDP, PPP (constant 2017 international $)",NY.GDP.MKTP.PP.KD,Burkina Faso,BFA,8965578967,15052586781,28557929809,30400679458,32161664609,33553250183,34868949891,36946433804,39238401912,41879631194,44266533525,..
"GDP, PPP (constant 2017 international $)",NY.GDP.MKTP.PP.KD,Burundi,BDI,6444307086,5281708122,7637064601,7976662580,8369449021,8724368199,8384117570,8333811187,8375481077,8510320717,8667121392,..
"GDP, PPP (constant 2017 international $)",NY.GDP.MKTP.PP.KD,Cabo Verde,CPV,590950869.9,1740748844,3175794137,3210153634,3235924670,3255703052,3288483544,3443232723,3570702548,3732496854,3944045536,..
"GDP, PPP (constant 2017 international $)",NY.GDP.MKTP.PP.KD,Cambodia,KHM,..,18127526050,41630751178,44675351848,47961967888,51387685546,55003367900,58870636423,62890960722,67588392994,72356150510,..
"GDP, PPP (constant 2017 international $)",NY.GDP.MKTP.PP.KD,Cameroon,CMR,37966569606,42671276191,65369818781,68339742889,72033004180,76271468880,80581923291,84327759128,87320624933,90868013830,94248950400,..
"GDP, PPP (constant 2017 international $)",NY.GDP.MKTP.PP.KD,Canada,CAN,9.62085E+11,1.1473E+12,1.58174E+12,1.60961E+12,1.6471E+12,1.69437E+12,1.70554E+12,1.72262E+12,1.77724E+12,1.81303E+12,1.84305E+12,..
"GDP, PPP (constant 2017 international $)",NY.GDP.MKTP.PP.KD,Cayman Islands,CYM,..,..,3827771749,3874843913,3924415976,4028590749,4142725657,4276949034,4409643996,4591607316,..,..
"GDP, PPP (constant 2017 international $)",NY.GDP.MKTP.PP.KD,Central African Republic,CAF,3372788349,3786415842,5491108086,5768615578,3669302318,3672277041,3831548140,4013558817,4195263791,4354240946,4483573904,..
"GDP, PPP (constant 2017 international $)",NY.GDP.MKTP.PP.KD,Chad,TCD,5985824130,7497921362,20726523800,22567573044,23853925015,25499842274,26205595208,24566297102,23832085167,24397867877,25190111031,..
"GDP, PPP (constant 2017 international $)",NY.GDP.MKTP.PP.KD,Channel Islands,CHI,..,..,..,..,..,..,..,..,..,..,..,..
"GDP, PPP (constant 2017 international $)",NY.GDP.MKTP.PP.KD,Chile,CHL,1.26434E+11,2.32004E+11,3.72254E+11,3.92053E+11,4.07912E+11,4.15118E+11,4.24682E+11,4.31948E+11,4.37082E+11,4.54344E+11,4.59135E+11,..
"GDP, PPP (constant 2017 international $)",NY.GDP.MKTP.PP.KD,China,CHN,1.61639E+12,4.35825E+12,1.30201E+13,1.40439E+13,1.51346E+13,1.62585E+13,1.74033E+13,1.85952E+13,1.9887E+13,2.12294E+13,2.25265E+13,..
"GDP, PPP (constant 2017 international $)",NY.GDP.MKTP.PP.KD,Colombia,COL,2.77758E+11,3.61966E+11,5.7563E+11,5.98153E+11,6.28862E+11,6.57155E+11,6.76579E+11,6.90702E+11,7.00091E+11,7.17701E+11,7.411E+11,..
"GDP, PPP (constant 2017 international $)",NY.GDP.MKTP.PP.KD,Comoros,COM,1260037682,1536820756,2066518443,2132652673,2228619361,2275420511,2300817403,2377220187,2467927827,2552596610,2603293975,..
"GDP, PPP (constant 2017 international $)",NY.GDP.MKTP.PP.KD,"Congo, Dem. Rep.",COD,62984305228,35402751926,59734281098,63967589236,69393292416,75965037128,81218921766,83167671599,86267287184,91289010441,95291603469,..
"GDP, PPP (constant 2017 international $)",NY.GDP.MKTP.PP.KD,"Congo, Rep.",COG,12055206798,13887534950,22788006714,25054764640,24876265865,26357699107,25504959572,22905905911,21844655234,20489411289,19763239854,..
"GDP, PPP (constant 2017 international $)",NY.GDP.MKTP.PP.KD,Costa Rica,CRI,29789674112,47815726288,76000767845,79646463816,81453663904,84317035963,87379204268,91089316437,94605544822,97122407363,99146239080,..
"GDP, PPP (constant 2017 international $)",NY.GDP.MKTP.PP.KD,Cote d'Ivoire,CIV,53660442221,67363317619,71871272272,79566172987,86639145317,94258258807,1.02593E+11,1.09959E+11,1.18051E+11,1.26185E+11,1.34049E+11,..
"GDP, PPP (constant 2017 international $)",NY.GDP.MKTP.PP.KD,Croatia,HRV,..,80866700776,1.03598E+11,1.0112E+11,1.00668E+11,1.00324E+11,1.02764E+11,1.06359E+11,1.10017E+11,1.13106E+11,1.16339E+11,..
"GDP, PPP (constant 2017 international $)",NY.GDP.MKTP.PP.KD,Cuba,CUB,..,..,..,..,..,..,..,..,..,..,..,..
"GDP, PPP (constant 2017 international $)",NY.GDP.MKTP.PP.KD,Curacao,CUW,..,3971608076,4270485436,4264553003,4230687899,4182507191,4194163627,4152785279,4080536557,3992146786,3856413796,..
"GDP, PPP (constant 2017 international $)",NY.GDP.MKTP.PP.KD,Cyprus,CYP,14612268559,22832465713,31849583793,30751785304,28736596748,28210915566,29118903352,30993595379,32591246151,34299271175,35353985543,..
"GDP, PPP (constant 2017 international $)",NY.GDP.MKTP.PP.KD,Czech Republic,CZE,2.44647E+11,2.57116E+11,3.58257E+11,3.55444E+11,3.55281E+11,3.63318E+11,3.82895E+11,3.9261E+11,4.12903E+11,4.26039E+11,4.35988E+11,..
"GDP, PPP (constant 2017 international $)",NY.GDP.MKTP.PP.KD,Denmark,DNK,2.01221E+11,2.61901E+11,2.8656E+11,2.87209E+11,2.89889E+11,2.94584E+11,3.01485E+11,3.11271E+11,3.20054E+11,3.27017E+11,3.36335E+11,..
"GDP, PPP (constant 2017 international $)",NY.GDP.MKTP.PP.KD,Djibouti,DJI,..,..,..,..,3558298198,3809568964,4102756652,4375698707,4612122077,4999893743,5388410350,..
"GDP, PPP (constant 2017 international $)",NY.GDP.MKTP.PP.KD,Dominica,DMA,547565321.2,669439808.8,848888979.6,839899243.3,831500749.5,868485465.2,845113575.3,866718860.9,807786936.2,826350528.1,855741694.7,..
"GDP, PPP (constant 2017 international $)",NY.GDP.MKTP.PP.KD,Dominican Republic,DOM,44250527082,78970796249,1.27811E+11,1.31284E+11,1.37684E+11,1.47391E+11,1.57601E+11,1.68096E+11,1.75941E+11,1.88226E+11,1.97735E+11,..
"GDP, PPP (constant 2017 international $)",NY.GDP.MKTP.PP.KD,Ecuador,ECU,84852688573,1.03685E+11,1.67443E+11,1.7689E+11,1.8564E+11,1.92674E+11,1.92864E+11,1.90499E+11,1.95011E+11,1.97525E+11,1.97631E+11,..
"GDP, PPP (constant 2017 international $)",NY.GDP.MKTP.PP.KD,"Egypt, Arab Rep.",EGY,3.41673E+11,5.33081E+11,8.70858E+11,8.90245E+11,9.09701E+11,9.36227E+11,9.77159E+11,1.01963E+12,1.06227E+12,1.11872E+12,1.18089E+12,..
"GDP, PPP (constant 2017 international $)",NY.GDP.MKTP.PP.KD,El Salvador,SLV,27745199010,38557835419,47048959983,48373101268,49454593151,50300871626,51505591735,52817198695,54005555165,55318408878,56636294133,..
"GDP, PPP (constant 2017 international $)",NY.GDP.MKTP.PP.KD,Equatorial Guinea,GNQ,435949252.9,6774982263,34912908412,37815173745,36252197551,36402668207,33086370154,30169337714,28459489607,26650507938,25164393411,..
"GDP, PPP (constant 2017 international $)",NY.GDP.MKTP.PP.KD,Eritrea,ERI,..,..,..,..,..,..,..,..,..,..,..,..
"GDP, PPP (constant 2017 international $)",NY.GDP.MKTP.PP.KD,Estonia,EST,..,24889045417,37464550080,38635259714,39155361682,40325059521,41069011172,42378216126,44708659794,46655929718,48987067019,..
"GDP, PPP (constant 2017 international $)",NY.GDP.MKTP.PP.KD,Eswatini,SWZ,4192567386,5609442429,8121386805,8559235887,8889816848,8970998344,9168658515,9269579626,9457434168,9681727593,9898977769,..
"GDP, PPP (constant 2017 international $)",NY.GDP.MKTP.PP.KD,Ethiopia,ETH,36730641303,48196209694,1.22675E+11,1.33284E+11,1.47388E+11,1.62506E+11,1.79395E+11,1.96318E+11,2.15094E+11,2.29755E+11,2.48972E+11,..
"GDP, PPP (constant 2017 international $)",NY.GDP.MKTP.PP.KD,Faroe Islands,FRO,..,..,..,..,..,..,..,..,..,..,..,..
"GDP, PPP (constant 2017 international $)",NY.GDP.MKTP.PP.KD,Fiji,FJI,6157509971,7766143068,9314616294,9446074814,9893272729,10447606765,10917959913,11184877062,11783674116,12232942862,12178465322,..
"GDP, PPP (constant 2017 international $)",NY.GDP.MKTP.PP.KD,Finland,FIN,1.6389E+11,2.06048E+11,2.51757E+11,2.48239E+11,2.46E+11,2.45103E+11,2.46435E+11,2.53364E+11,2.61649E+11,2.6562E+11,2.68663E+11,..
"GDP, PPP (constant 2017 international $)",NY.GDP.MKTP.PP.KD,France,FRA,1.97382E+12,2.43178E+12,2.81427E+12,2.82308E+12,2.83935E+12,2.8665E+12,2.8984E+12,2.93015E+12,2.9973E+12,3.05103E+12,3.09706E+12,..
"GDP, PPP (constant 2017 international $)",NY.GDP.MKTP.PP.KD,French Polynesia,PYF,..,..,..,..,..,..,..,..,..,..,..,..
"GDP, PPP (constant 2017 international $)",NY.GDP.MKTP.PP.KD,Gabon,GAB,17260994662,20350525244,25073166049,26389777283,27877817392,29080735300,30208747765,30840546267,30986311651,31247511058,32480208559,..
"GDP, PPP (constant 2017 international $)",NY.GDP.MKTP.PP.KD,"Gambia, The",GMB,2164645786,2991838219,3865996599,4068635488,4185517979,4126611731,4294072681,4377521957,4588632823,4920615376,5218645522,..
"GDP, PPP (constant 2017 international $)",NY.GDP.MKTP.PP.KD,Georgia,GEO,53472492794,20056352794,39598417257,42120443741,43645753625,45580100614,46957625779,48322420425,50662483514,53129713418,55776821938,..
"GDP, PPP (constant 2017 international $)",NY.GDP.MKTP.PP.KD,Germany,DEU,2.92745E+12,3.54408E+12,4.01116E+12,4.02795E+12,4.04558E+12,4.13497E+12,4.19666E+12,4.29024E+12,4.40187E+12,4.45769E+12,4.48245E+12,..
"GDP, PPP (constant 2017 international $)",NY.GDP.MKTP.PP.KD,Ghana,GHA,34631391604,52765024659,1.05479E+11,1.15281E+11,1.23711E+11,1.27295E+11,1.30068E+11,1.34552E+11,1.45509E+11,1.54623E+11,1.64641E+11,..
"GDP, PPP (constant 2017 international $)",NY.GDP.MKTP.PP.KD,Gibraltar,GIB,..,..,..,..,..,..,..,..,..,..,..,..
"GDP, PPP (constant 2017 international $)",NY.GDP.MKTP.PP.KD,Greece,GRC,2.45164E+11,3.11965E+11,3.37408E+11,3.12775E+11,3.02637E+11,3.04876E+11,3.03541E+11,3.02961E+11,3.07521E+11,3.1347E+11,3.19334E+11,..
"GDP, PPP (constant 2017 international $)",NY.GDP.MKTP.PP.KD,Greenland,GRL,..,..,..,..,..,..,..,..,..,..,..,..
"GDP, PPP (constant 2017 international $)",NY.GDP.MKTP.PP.KD,Grenada,GRD,849027655.4,1194288798,1435700197,1419115796,1452485151,1559156772,1659615484,1721612314,1798099078,1872561109,1908407297,..
"GDP, PPP (constant 2017 international $)",NY.GDP.MKTP.PP.KD,Guam,GUM,..,..,..,..,..,..,..,..,..,..,..,..
"GDP, PPP (constant 2017 international $)",NY.GDP.MKTP.PP.KD,Guatemala,GTM,50321590504,75322007222,1.08963E+11,1.12199E+11,1.16348E+11,1.21518E+11,1.26491E+11,1.29878E+11,1.33805E+11,1.38107E+11,1.43417E+11,..
"GDP, PPP (constant 2017 international $)",NY.GDP.MKTP.PP.KD,Guinea,GIN,9577121445,14050333017,20137940106,21329484246,22168753385,22990649190,23867730936,26452321416,29176885980,30985787172,32720991253,..
"GDP, PPP (constant 2017 international $)",NY.GDP.MKTP.PP.KD,Guinea-Bissau,GNB,1945323523,2069557176,2875432397,2826185355,2918203244,2946351087,3127082707,3322925819,3519615667,3653361063,3821419107,..
"GDP, PPP (constant 2017 international $)",NY.GDP.MKTP.PP.KD,Guyana,GUY,3599899545,5806709574,7735645123,8143802528,8441328826,8583683405,8642687478,8971756372,9306806134,9720119601,10240421156,..
"GDP, PPP (constant 2017 international $)",NY.GDP.MKTP.PP.KD,Haiti,HTI,22729787917,22721515957,28889030071,29048834518,29944993567,30963655538,31464311564,32006298439,32738003150,33284016296,32724184091,..
"GDP, PPP (constant 2017 international $)",NY.GDP.MKTP.PP.KD,Honduras,HND,19771799007,27013182175,42033616973,43769053768,44990893059,46366750814,48147271125,50021631004,52444135530,54382853396,55825500608,..
"GDP, PPP (constant 2017 international $)",NY.GDP.MKTP.PP.KD,"Hong Kong SAR, China",HKG,1.6428E+11,2.42053E+11,3.7814E+11,3.84569E+11,3.96497E+11,4.0745E+11,4.17179E+11,4.26229E+11,4.42388E+11,4.54985E+11,4.493E+11,..
"GDP, PPP (constant 2017 international $)",NY.GDP.MKTP.PP.KD,Hungary,HUN,..,2.00627E+11,2.5211E+11,2.48629E+11,2.53256E+11,2.63966E+11,2.74048E+11,2.79912E+11,2.91996E+11,3.07779E+11,3.21869E+11,..
"GDP, PPP (constant 2017 international $)",NY.GDP.MKTP.PP.KD,Iceland,ISL,8756136102,11467638988,15174663137,15371393177,16006823691,16340185509,17116178463,18250473880,19080137303,19807934449,20187984705,..
"GDP, PPP (constant 2017 international $)",NY.GDP.MKTP.PP.KD,India,IND,1.58046E+12,2.71947E+12,5.49101E+12,5.79062E+12,6.16042E+12,6.61692E+12,7.14603E+12,7.73602E+12,8.28094E+12,8.78769E+12,9.15508E+12,..
"GDP, PPP (constant 2017 international $)",NY.GDP.MKTP.PP.KD,Indonesia,IDN,8.22264E+11,1.20336E+12,2.12766E+12,2.25596E+12,2.38133E+12,2.50055E+12,2.62249E+12,2.75448E+12,2.89413E+12,3.04374E+12,3.19668E+12,..
"GDP, PPP (constant 2017 international $)",NY.GDP.MKTP.PP.KD,"Iran, Islamic Rep.",IRN,4.87544E+11,6.61165E+11,1.04529E+12,9.67469E+11,9.65591E+11,1.01004E+12,9.96703E+11,1.13022E+12,1.17267E+12,1.102E+12,1.02724E+12,..
"GDP, PPP (constant 2017 international $)",NY.GDP.MKTP.PP.KD,Iraq,IRQ,1.38684E+11,1.97719E+11,2.89911E+11,3.30315E+11,3.55419E+11,3.57906E+11,3.66774E+11,4.2257E+11,4.12028E+11,4.09706E+11,4.27737E+11,..
"GDP, PPP (constant 2017 international $)",NY.GDP.MKTP.PP.KD,Ireland,IRL,93029883400,1.82715E+11,2.42707E+11,2.43255E+11,2.46543E+11,2.67639E+11,3.34984E+11,3.47304E+11,3.75592E+11,4.06278E+11,4.28825E+11,..
"GDP, PPP (constant 2017 international $)",NY.GDP.MKTP.PP.KD,Isle of Man,IMN,..,..,..,..,..,..,..,..,..,..,..,..
"GDP, PPP (constant 2017 international $)",NY.GDP.MKTP.PP.KD,Israel,ISR,1.09904E+11,1.98531E+11,2.79011E+11,2.85309E+11,2.97144E+11,3.08311E+11,3.15372E+11,3.2793E+11,3.39528E+11,3.51255E+11,3.63449E+11,..
"GDP, PPP (constant 2017 international $)",NY.GDP.MKTP.PP.KD,Italy,ITA,2.08527E+12,2.46358E+12,2.55939E+12,2.48309E+12,2.43738E+12,2.43727E+12,2.45624E+12,2.48801E+12,2.5295E+12,2.55338E+12,2.56214E+12,..
"GDP, PPP (constant 2017 international $)",NY.GDP.MKTP.PP.KD,Jamaica,JAM,20790383780,24804122879,26974703230,26809176729,26943640992,27129950372,27380273578,27756927225,28035430606,28579564152,28779621101,..
"GDP, PPP (constant 2017 international $)",NY.GDP.MKTP.PP.KD,Japan,JPN,3.96169E+12,4.50523E+12,4.79546E+12,4.86716E+12,4.96452E+12,4.98312E+12,5.04406E+12,5.07039E+12,5.18033E+12,5.19707E+12,5.23107E+12,..
"GDP, PPP (constant 2017 international $)",NY.GDP.MKTP.PP.KD,Jordan,JOR,28256729822,44779454820,84417072036,86467865211,88724631023,91727141840,94017136257,95892007955,97893384071,99786731860,1.01738E+11,..
"GDP, PPP (constant 2017 international $)",NY.GDP.MKTP.PP.KD,Kazakhstan,KAZ,2.203E+11,1.52941E+11,3.63763E+11,3.81224E+11,4.04097E+11,4.21069E+11,4.26122E+11,4.30809E+11,4.48473E+11,4.6686E+11,4.87869E+11,..
"GDP, PPP (constant 2017 international $)",NY.GDP.MKTP.PP.KD,Kenya,KEN,76153822930,91666253121,1.48505E+11,1.55282E+11,1.6441E+11,1.73218E+11,1.83123E+11,1.93889E+11,2.03207E+11,2.16046E+11,2.27639E+11,..
"GDP, PPP (constant 2017 international $)",NY.GDP.MKTP.PP.KD,Kiribati,KIR,154617940.6,184456490.6,201258306.8,210744253.1,219626646.9,218094030.5,240787604,253152970.4,255409849.8,261317882.7,267190651.8,..
"GDP, PPP (constant 2017 international $)",NY.GDP.MKTP.PP.KD,"Korea, Dem. People’s Rep.",PRK,..,..,..,..,..,..,..,..,..,..,..,..
"GDP, PPP (constant 2017 international $)",NY.GDP.MKTP.PP.KD,"Korea, Rep.",KOR,5.43149E+11,1.08063E+12,1.76909E+12,1.81159E+12,1.86892E+12,1.92878E+12,1.98296E+12,2.04139E+12,2.10589E+12,2.16712E+12,2.21132E+12,..
"GDP, PPP (constant 2017 international $)",NY.GDP.MKTP.PP.KD,Kosovo,XKX,..,8016355163,15517119323,15953190960,16501909041,16703590072,17387634500,18095476460,18860124253,19579754969,20396555629,..
"GDP, PPP (constant 2017 international $)",NY.GDP.MKTP.PP.KD,Kuwait,KWT,..,1.12451E+11,1.92895E+11,2.05676E+11,2.0804E+11,2.09082E+11,2.10322E+11,2.16475E+11,2.06275E+11,2.08846E+11,2.09738E+11,..
"GDP, PPP (constant 2017 international $)",NY.GDP.MKTP.PP.KD,Kyrgyz Republic,KGZ,22651204109,15081729077,23903920384,23882849027,26489774124,27555732868,28623744973,29864829305,31280403475,32455892922,33918725105,..
"GDP, PPP (constant 2017 international $)",NY.GDP.MKTP.PP.KD,Lao PDR,LAO,8366077048,15232555754,32746038985,35374268307,38213513284,41122311945,44111931100,47209839790,50463792572,53616750150,56110940844,..
"GDP, PPP (constant 2017 international $)",NY.GDP.MKTP.PP.KD,Latvia,LVA,..,30469116890,46973965370,48971168283,50102488496,50640405891,52669503165,53919310514,55672076481,57912494003,59102063833,..
"GDP, PPP (constant 2017 international $)",NY.GDP.MKTP.PP.KD,Lebanon,LBN,21170906256,55188702122,97418333333,99893287486,1.037E+11,1.06253E+11,1.06478E+11,1.08106E+11,1.09026E+11,1.06926E+11,99761491978,..
"GDP, PPP (constant 2017 international $)",NY.GDP.MKTP.PP.KD,Lesotho,LSO,2188033978,3291731022,4780823758,5103224670,5316892221,5470229734,5615198691,5898602456,5820641497,5794293025,5747607213,..
"GDP, PPP (constant 2017 international $)",NY.GDP.MKTP.PP.KD,Liberia,LBR,..,4839570803,5979073584,6457029707,7019051384,7068265036,7068265036,6955202194,7126900130,7214030141,7049676851,..
"GDP, PPP (constant 2017 international $)",NY.GDP.MKTP.PP.KD,Libya,LBY,..,89724743548,52977949150,1.18215E+11,1.02138E+11,77624540052,70745422758,68767756473,87115614621,1.00299E+11,1.02842E+11,..
"GDP, PPP (constant 2017 international $)",NY.GDP.MKTP.PP.KD,Liechtenstein,LIE,..,..,..,..,..,..,..,..,..,..,..,..
"GDP, PPP (constant 2017 international $)",NY.GDP.MKTP.PP.KD,Lithuania,LTU,..,48550070665,78786945982,81815409626,84719916264,87716468072,89492361610,91746520516,95675654207,99442257278,1.03757E+11,..
"GDP, PPP (constant 2017 international $)",NY.GDP.MKTP.PP.KD,Luxembourg,LUX,25947241502,42033272377,56243477548,56045207990,58093308010,60589453312,63198696611,66089784851,67280181469,69373157754,70966644491,..
"GDP, PPP (constant 2017 international $)",NY.GDP.MKTP.PP.KD,"Macao SAR, China",MAC,16658466448,21684154269,76971570041,84081675805,93498899539,92375893911,72427752315,71907472285,79017384059,83317938863,79392947869,..
"GDP, PPP (constant 2017 international $)",NY.GDP.MKTP.PP.KD,Madagascar,MDG,21492865720,25453652253,33375682916,34380673594,35171562117,36346011708,37484476339,38981286238,40514543473,42363944369,44419019310,..
"GDP, PPP (constant 2017 international $)",NY.GDP.MKTP.PP.KD,Malawi,MWI,6314486668,8856934067,14769406320,15047927712,15830419953,16732753891,17201270999,17628557559,18333705241,18914884288,19741320787,..
"GDP, PPP (constant 2017 international $)",NY.GDP.MKTP.PP.KD,Malaysia,MYS,1.85817E+11,3.69184E+11,6.09958E+11,6.43343E+11,6.7354E+11,7.13998E+11,7.50351E+11,7.8374E+11,8.29297E+11,8.68854E+11,9.06239E+11,..
"GDP, PPP (constant 2017 international $)",NY.GDP.MKTP.PP.KD,Maldives,MDV,..,3732335815,6474398673,6637384146,7120656996,7642574531,7863028308,8361350069,8964243526,9692930178,10370143760,..
"GDP, PPP (constant 2017 international $)",NY.GDP.MKTP.PP.KD,Mali,MLI,11955670445,17817887174,32354455708,32083734773,32820078395,35145277199,37314373426,39498122203,41593677731,43567915125,45637975572,..
"GDP, PPP (constant 2017 international $)",NY.GDP.MKTP.PP.KD,Malta,MLT,6444752530,10805115745,13795420355,14363475259,15149639382,16306092931,17872803921,18568271705,20056530405,21095177584,22133022796,..
"GDP, PPP (constant 2017 international $)",NY.GDP.MKTP.PP.KD,Marshall Islands,MHL,159935654.9,173509306.1,204052668,199215928,206622034.8,204679859.4,207936906.3,210653946.9,219199428.9,227144866.2,..,..
"GDP, PPP (constant 2017 international $)",NY.GDP.MKTP.PP.KD,Mauritania,MRT,9441266770,11470937921,17353279326,18128973199,18881473009,19688622612,20747149754,21008752479,21743465320,22203397805,23520379488,..
"GDP, PPP (constant 2017 international $)",NY.GDP.MKTP.PP.KD,Mauritius,MUS,8459114516,14112618621,21860436389,22624703114,23384985019,24260653502,25122651923,26086842378,27081834229,28100023784,28947172879,..
"GDP, PPP (constant 2017 international $)",NY.GDP.MKTP.PP.KD,Mexico,MEX,1.2609E+12,1.76456E+12,2.11417E+12,2.19118E+12,2.22085E+12,2.28414E+12,2.35936E+12,2.42142E+12,2.47259E+12,2.52686E+12,2.52548E+12,..
"GDP, PPP (constant 2017 international $)",NY.GDP.MKTP.PP.KD,"Micronesia, Fed. Sts.",FSM,288703535,369126271,388947058.3,381686117.8,367640955,359163979,375764121.5,379146676.5,389316095.4,390140096.9,..,..
"GDP, PPP (constant 2017 international $)",NY.GDP.MKTP.PP.KD,Moldova,MDA,..,14836377396,25889686484,25737006168,28064626385,29467752650,29368082301,30662887782,32101220496,33482047344,34680866777,..
"GDP, PPP (constant 2017 international $)",NY.GDP.MKTP.PP.KD,Monaco,MCO,..,..,..,..,..,..,..,..,..,..,..,..
"GDP, PPP (constant 2017 international $)",NY.GDP.MKTP.PP.KD,Mongolia,MNG,10885264184,10857795978,23861953692,26801703399,29923811365,32283371364,33051662595,33437836058,35222426053,37774864818,39723696764,..
"GDP, PPP (constant 2017 international $)",NY.GDP.MKTP.PP.KD,Montenegro,MNE,..,7491795787,10689491610,10398331581,10767366346,10959425168,11330992291,11665178727,12215365676,12835651031,13357155683,..
"GDP, PPP (constant 2017 international $)",NY.GDP.MKTP.PP.KD,Morocco,MAR,95519192593,1.27224E+11,2.16996E+11,2.23528E+11,2.33666E+11,2.39903E+11,2.50786E+11,2.53444E+11,2.64213E+11,2.72532E+11,2.79296E+11,..
"GDP, PPP (constant 2017 international $)",NY.GDP.MKTP.PP.KD,Mozambique,MOZ,6121236733,11170939678,25964752362,27849388139,29788710119,31992631649,34143585464,35449309349,36775580596,38042063130,38910790620,..
"GDP, PPP (constant 2017 international $)",NY.GDP.MKTP.PP.KD,Myanmar,MMR,25613155356,51101454718,1.67232E+11,1.79495E+11,1.94619E+11,2.10171E+11,2.24868E+11,2.37798E+11,2.53029E+11,2.70109E+11,2.7791E+11,..
"GDP, PPP (constant 2017 international $)",NY.GDP.MKTP.PP.KD,Namibia,NAM,8385296104,12018858610,19792300931,20794124287,21961656070,23226161512,24277555754,24209406247,24147364523,24316002341,24040235500,..
"GDP, PPP (constant 2017 international $)",NY.GDP.MKTP.PP.KD,Nauru,NRU,..,..,73698659.4,82073507.05,107198050,135672532.1,140697440.7,145722349.3,137347501.6,145722349.3,145722349.3,..
"GDP, PPP (constant 2017 international $)",NY.GDP.MKTP.PP.KD,Nepal,NPL,26639133539,43354426157,65829052588,68976466153,71824420066,76125973567,78655567683,79118596098,85624913440,91362635002,97749990905,..
"GDP, PPP (constant 2017 international $)",NY.GDP.MKTP.PP.KD,Netherlands,NLD,5.47719E+11,7.58777E+11,8.82092E+11,8.73003E+11,8.71866E+11,8.84277E+11,9.01601E+11,9.21362E+11,9.48181E+11,9.70567E+11,9.86848E+11,..
"GDP, PPP (constant 2017 international $)",NY.GDP.MKTP.PP.KD,New Caledonia,NCL,..,..,..,..,..,..,..,..,..,..,..,..
"GDP, PPP (constant 2017 international $)",NY.GDP.MKTP.PP.KD,New Zealand,NZL,91954461408,1.24551E+11,1.65067E+11,1.68764E+11,1.732E+11,1.7948E+11,1.85975E+11,1.92815E+11,1.98913E+11,2.05112E+11,2.10878E+11,..
"GDP, PPP (constant 2017 international $)",NY.GDP.MKTP.PP.KD,Nicaragua,NIC,14416238951,20119656726,28556304179,30411535099,31909642306,33436994937,35039314715,36638133280,38334779853,36820608258,35392319355,..
"GDP, PPP (constant 2017 international $)",NY.GDP.MKTP.PP.KD,Niger,NER,9029292541,10576271393,17474125672,19317461504,20344209819,21695500036,22648507165,23941572538,25138435012,26953222042,28544214620,..
"GDP, PPP (constant 2017 international $)",NY.GDP.MKTP.PP.KD,Nigeria,NGA,3.10359E+11,3.64044E+11,8.23288E+11,8.58113E+11,9.15361E+11,9.73118E+11,9.98931E+11,9.8278E+11,9.907E+11,1.00975E+12,1.03205E+12,..
"GDP, PPP (constant 2017 international $)",NY.GDP.MKTP.PP.KD,North Macedonia,MKD,22537652338,20558610283,28203447161,28074787767,28896047648,29944720907,31099348962,31985122234,32331128567,33268731295,34333330697,..
"GDP, PPP (constant 2017 international $)",NY.GDP.MKTP.PP.KD,Northern Mariana Islands,MNP,..,..,..,..,..,..,..,..,..,..,..,..
"GDP, PPP (constant 2017 international $)",NY.GDP.MKTP.PP.KD,Norway,NOR,1.75624E+11,2.5211E+11,2.97666E+11,3.05713E+11,3.08874E+11,3.14957E+11,3.21153E+11,3.24594E+11,3.32135E+11,3.36419E+11,3.40303E+11,..
"GDP, PPP (constant 2017 international $)",NY.GDP.MKTP.PP.KD,Oman,OMN,48136709337,76760622472,1.05755E+11,1.15321E+11,1.21208E+11,1.22976E+11,1.2867E+11,1.35228E+11,1.35697E+11,1.3809E+11,1.35814E+11,..
"GDP, PPP (constant 2017 international $)",NY.GDP.MKTP.PP.KD,Pakistan,PAK,3.13891E+11,4.61959E+11,7.20256E+11,7.45515E+11,7.78291E+11,8.14674E+11,8.53218E+11,9.00373E+11,9.50382E+11,1.00585E+12,1.0158E+12,..
"GDP, PPP (constant 2017 international $)",NY.GDP.MKTP.PP.KD,Palau,PLW,..,259764268.9,288731334.9,293560662.7,283616834.2,301467244.9,324195070.9,323924809.8,317717242.8,330613020.7,316570912.2,..
"GDP, PPP (constant 2017 international $)",NY.GDP.MKTP.PP.KD,Panama,PAN,26508346014,43971701075,86559396144,95023956349,1.01584E+11,1.06731E+11,1.12849E+11,1.18439E+11,1.25071E+11,1.29688E+11,1.33587E+11,..
"GDP, PPP (constant 2017 international $)",NY.GDP.MKTP.PP.KD,Papua New Guinea,PNG,11246937088,16803929367,25199728960,26373310486,27382075440,31090640930,33135894099,34954913218,36190433385,36089370754,38218643628,..
"GDP, PPP (constant 2017 international $)",NY.GDP.MKTP.PP.KD,Paraguay,PRY,35790081062,45399831807,67774526964,67409552364,73083748256,76636269137,78996952853,82404016358,86486123430,89388746621,89362006520,..
"GDP, PPP (constant 2017 international $)",NY.GDP.MKTP.PP.KD,Peru,PER,1.15857E+11,1.69938E+11,3.10695E+11,3.2977E+11,3.4907E+11,3.57386E+11,3.69009E+11,3.83597E+11,3.93259E+11,4.08899E+11,4.17691E+11,..
"GDP, PPP (constant 2017 international $)",NY.GDP.MKTP.PP.KD,Philippines,PHL,2.61927E+11,3.47356E+11,5.77587E+11,6.17423E+11,6.59103E+11,7.00942E+11,7.4544E+11,7.98735E+11,8.54095E+11,9.08258E+11,9.63122E+11,..
"GDP, PPP (constant 2017 international $)",NY.GDP.MKTP.PP.KD,Poland,POL,4.32593E+11,6.23973E+11,9.59352E+11,9.72062E+11,9.83005E+11,1.01622E+12,1.05927E+12,1.09255E+12,1.14532E+12,1.20664E+12,1.26143E+12,..
"GDP, PPP (constant 2017 international $)",NY.GDP.MKTP.PP.KD,Portugal,PRT,2.35468E+11,3.13031E+11,3.30916E+11,3.1749E+11,3.14561E+11,3.17053E+11,3.22734E+11,3.29252E+11,3.40797E+11,3.50507E+11,3.58344E+11,..
"GDP, PPP (constant 2017 international $)",NY.GDP.MKTP.PP.KD,Puerto Rico,PRI,76384976167,1.14793E+11,1.22224E+11,1.2226E+11,1.21885E+11,1.20434E+11,1.1917E+11,1.17665E+11,1.14269E+11,1.08945E+11,1.10239E+11,..
"GDP, PPP (constant 2017 international $)",NY.GDP.MKTP.PP.KD,Qatar,QAT,..,51287677760,2.0185E+11,2.11398E+11,2.23143E+11,2.35046E+11,2.46219E+11,2.53763E+11,2.49963E+11,2.5305E+11,2.5501E+11,..
"GDP, PPP (constant 2017 international $)",NY.GDP.MKTP.PP.KD,Romania,ROU,3.09185E+11,2.72253E+11,4.19648E+11,4.28212E+11,4.4436E+11,4.60395E+11,4.73994E+11,4.96286E+11,5.32611E+11,5.56443E+11,5.7955E+11,..
"GDP, PPP (constant 2017 international $)",NY.GDP.MKTP.PP.KD,Russian Federation,RUS,3.18854E+12,2.14246E+12,3.58098E+12,3.72508E+12,3.79048E+12,3.81838E+12,3.74306E+12,3.75031E+12,3.81878E+12,3.91564E+12,3.96818E+12,..
"GDP, PPP (constant 2017 international $)",NY.GDP.MKTP.PP.KD,Rwanda,RWA,6827017900,6883388227,16335120522,17746719989,18584339297,19730466482,21477963189,22760357451,23665375199,25695728207,28118494966,..
"GDP, PPP (constant 2017 international $)",NY.GDP.MKTP.PP.KD,Samoa,WSM,660659919.7,839643888.9,1164366802,1116759060,1112081577,1112951729,1160499125,1253967587,1267070040,1240926925,1285359871,..
"GDP, PPP (constant 2017 international $)",NY.GDP.MKTP.PP.KD,San Marino,SMR,..,2022861392,2049412485,1905040917,1890105927,1876830381,1922950259,1970242834,1982111207,2008131796,..,..
"GDP, PPP (constant 2017 international $)",NY.GDP.MKTP.PP.KD,Sao Tome and Principe,STP,..,..,632228844,652093321.6,683490274.3,728258430,756743091.4,788259677.4,818599653.5,842709606.4,853678512.2,..
"GDP, PPP (constant 2017 international $)",NY.GDP.MKTP.PP.KD,Saudi Arabia,SAU,6.71958E+11,8.66956E+11,1.32827E+12,1.40015E+12,1.43794E+12,1.49046E+12,1.55167E+12,1.57759E+12,1.56589E+12,1.60401E+12,1.60932E+12,..
"GDP, PPP (constant 2017 international $)",NY.GDP.MKTP.PP.KD,Senegal,SEN,17280169046,23410073316,35283267486,37088851383,38135537953,40657631795,43246320959,45995086774,49402166473,52553805637,55324017823,..
"GDP, PPP (constant 2017 international $)",NY.GDP.MKTP.PP.KD,Serbia,SRB,..,66679618531,1.07605E+11,1.06871E+11,1.09963E+11,1.08215E+11,1.10169E+11,1.13847E+11,1.1624E+11,1.21465E+11,1.26625E+11,..
"GDP, PPP (constant 2017 international $)",NY.GDP.MKTP.PP.KD,Seychelles,SYC,1018072380,1542456420,2032099301,2057720595,2181555801,2279830205,2392394214,2501550149,2611017882,2709023514,2852940772,..
"GDP, PPP (constant 2017 international $)",NY.GDP.MKTP.PP.KD,Sierra Leone,SLE,6310218803,4874760435,9641616170,11105384072,13405949704,14016828316,11129533989,11803480030,12300546132,12724442956,13425265377,..
"GDP, PPP (constant 2017 international $)",NY.GDP.MKTP.PP.KD,Singapore,SGP,1.13805E+11,2.25604E+11,4.21945E+11,4.40771E+11,4.62092E+11,4.80289E+11,4.94643E+11,5.10686E+11,5.32833E+11,5.51152E+11,5.55194E+11,..
"GDP, PPP (constant 2017 international $)",NY.GDP.MKTP.PP.KD,Sint Maarten (Dutch part),SXM,..,..,1551145567,1572714970,1593266075,1618445807,1624919590,1633044188,1538327625,1436798002,..,..
"GDP, PPP (constant 2017 international $)",NY.GDP.MKTP.PP.KD,Slovak Republic,SVK,..,86684485367,1.44771E+11,1.47517E+11,1.485E+11,1.52423E+11,1.59762E+11,1.63169E+11,1.68135E+11,1.74471E+11,1.78514E+11,..
"GDP, PPP (constant 2017 international $)",NY.GDP.MKTP.PP.KD,Slovenia,SVN,44214517637,52505815035,69230298916,67403007575,66709240030,68555857749,70070998151,72307561070,75773659267,79095956662,81614642133,..
"GDP, PPP (constant 2017 international $)",NY.GDP.MKTP.PP.KD,Solomon Islands,SLB,723474597.5,930709876.6,1382640342,1408363883,1483444469,1499039366,1520261287,1609650593,1695663684,1762544892,1783606041,..
"GDP, PPP (constant 2017 international $)",NY.GDP.MKTP.PP.KD,Somalia,SOM,..,..,..,..,..,..,..,..,..,..,..,..
"GDP, PPP (constant 2017 international $)",NY.GDP.MKTP.PP.KD,South Africa,ZAF,3.78914E+11,4.53673E+11,6.58716E+11,6.73296E+11,6.90029E+11,7.02774E+11,7.11163E+11,7.14001E+11,7.24101E+11,7.298E+11,7.30913E+11,..
"GDP, PPP (constant 2017 international $)",NY.GDP.MKTP.PP.KD,South Sudan,SSD,..,..,..,..,..,..,..,..,..,..,..,..
"GDP, PPP (constant 2017 international $)",NY.GDP.MKTP.PP.KD,Spain,ESP,1.07181E+12,1.41169E+12,1.72609E+12,1.675E+12,1.65096E+12,1.67381E+12,1.738E+12,1.79069E+12,1.84393E+12,1.88874E+12,1.92558E+12,..
"GDP, PPP (constant 2017 international $)",NY.GDP.MKTP.PP.KD,Sri Lanka,LKA,67194689721,1.11726E+11,2.00469E+11,2.18801E+11,2.26231E+11,2.37453E+11,2.49344E+11,2.60531E+11,2.69854E+11,2.78776E+11,2.85142E+11,..
"GDP, PPP (constant 2017 international $)",NY.GDP.MKTP.PP.KD,St. Kitts and Nevis,KNA,610366956.2,945499709.8,1183309618,1156945334,1219231693,1295858018,1309253357,1346257817,1319637697,1358223095,1396834734,..
"GDP, PPP (constant 2017 international $)",NY.GDP.MKTP.PP.KD,St. Lucia,LCA,1616147216,2031915565,2591027010,2585848797,2503764192,2547797039,2513134651,2613330036,2704505166,2775889562,2823880207,..
"GDP, PPP (constant 2017 international $)",NY.GDP.MKTP.PP.KD,St. Martin (French part),MAF,..,..,..,..,..,..,..,..,..,..,..,..
"GDP, PPP (constant 2017 international $)",NY.GDP.MKTP.PP.KD,St. Vincent and the Grenadines,VCT,685397095.2,931994974.4,1234106387,1251162816,1274096339,1289564364,1306719123,1331513347,1344833245,1373923722,1380723602,..
"GDP, PPP (constant 2017 international $)",NY.GDP.MKTP.PP.KD,Sudan,SDN,45624167756,78392342872,1.48121E+11,1.48893E+11,1.55437E+11,1.59601E+11,1.67431E+11,1.75301E+11,1.76647E+11,1.72602E+11,1.68281E+11,..
"GDP, PPP (constant 2017 international $)",NY.GDP.MKTP.PP.KD,Suriname,SUR,5063863573,5538127944,9495427321,9750887555,10036924111,10062568768,9719324901,9178814443,9340573047,9581238287,9606882944,..
"GDP, PPP (constant 2017 international $)",NY.GDP.MKTP.PP.KD,Sweden,SWE,2.96794E+11,3.65921E+11,4.69558E+11,4.66795E+11,4.7234E+11,4.84894E+11,5.06662E+11,5.17153E+11,5.30433E+11,5.40777E+11,5.47596E+11,..
"GDP, PPP (constant 2017 international $)",NY.GDP.MKTP.PP.KD,Switzerland,CHE,3.73446E+11,4.21022E+11,5.1308E+11,5.18242E+11,5.2784E+11,5.40768E+11,5.47978E+11,5.57418E+11,5.67449E+11,5.83056E+11,5.88472E+11,..
"GDP, PPP (constant 2017 international $)",NY.GDP.MKTP.PP.KD,Syrian Arab Republic,SYR,..,..,..,..,..,..,..,..,..,..,..,..
"GDP, PPP (constant 2017 international $)",NY.GDP.MKTP.PP.KD,Tajikistan,TJK,20443306933,7785690555,18267623225,19635169509,21088188008,22502355183,23854361460,25493863087,27435856244,29438673829,31502698437,..
"GDP, PPP (constant 2017 international $)",NY.GDP.MKTP.PP.KD,Tanzania,TZA,34116432208,45875932293,93060034123,97247878561,1.03843E+11,1.10834E+11,1.17662E+11,1.25742E+11,1.34275E+11,1.41586E+11,1.49785E+11,..
"GDP, PPP (constant 2017 international $)",NY.GDP.MKTP.PP.KD,Thailand,THA,4.02079E+11,6.18155E+11,9.76642E+11,1.04738E+12,1.07553E+12,1.08611E+12,1.12015E+12,1.15856E+12,1.20567E+12,1.25572E+12,1.28529E+12,..
"GDP, PPP (constant 2017 international $)",NY.GDP.MKTP.PP.KD,Timor-Leste,TLS,..,2059073485,3390063711,3594198804,3670367939,3833683487,3945245018,4077998488,3910653345,3869438881,4593934230,..
"GDP, PPP (constant 2017 international $)",NY.GDP.MKTP.PP.KD,Togo,TGO,5083164685,6310229934,8369727346,8917401043,9462463188,10022696702,10598286989,11187454168,11674937853,12250647161,12904668762,..
"GDP, PPP (constant 2017 international $)",NY.GDP.MKTP.PP.KD,Tonga,TON,358250383.6,493565084.7,574341323.8,579068742.8,580877220.3,592603391.4,599548041,638944345.7,660172840.6,662153421.2,667013826.1,..
"GDP, PPP (constant 2017 international $)",NY.GDP.MKTP.PP.KD,Trinidad and Tobago,TTO,12323429435,21488623926,38284910794,38771115519,39635352686,39273662270,39989693670,37471763820,36605373316,36515611926,36514585838,..
"GDP, PPP (constant 2017 international $)",NY.GDP.MKTP.PP.KD,Tunisia,TUN,44776152230,71155977783,1.05496E+11,1.09713E+11,1.12868E+11,1.16222E+11,1.1761E+11,1.18974E+11,1.21255E+11,1.24485E+11,1.25784E+11,..
"GDP, PPP (constant 2017 international $)",NY.GDP.MKTP.PP.KD,Turkey,TUR,6.86427E+11,9.83797E+11,1.62361E+12,1.70135E+12,1.84573E+12,1.9369E+12,2.05475E+12,2.12303E+12,2.2823E+12,2.34984E+12,2.37137E+12,..
"GDP, PPP (constant 2017 international $)",NY.GDP.MKTP.PP.KD,Turkmenistan,TKM,26553870093,20873899291,50279817661,55860877402,61558686953,67899231692,72312681690,76796067931,81787812382,86858656702,..,..
"GDP, PPP (constant 2017 international $)",NY.GDP.MKTP.PP.KD,Turks and Caicos Islands,TCA,..,..,792935223.9,785225519.8,793634346.7,862770182.3,960391156.5,1030030908,1004380846,1060736199,1117215706,..
"GDP, PPP (constant 2017 international $)",NY.GDP.MKTP.PP.KD,Tuvalu,TUV,23280049.68,31495944.68,37148423.72,35723503.49,37358505.27,37862102.66,41323794.54,42577857.3,44321002.32,45429027.38,49861127.61,..
"GDP, PPP (constant 2017 international $)",NY.GDP.MKTP.PP.KD,Uganda,UGA,15753650618,29627787082,66026585660,68560326573,71019520922,74645995920,78518525581,82272496518,85406362066,90669630881,96838182190,..
"GDP, PPP (constant 2017 international $)",NY.GDP.MKTP.PP.KD,Ukraine,UKR,8.17379E+11,3.55126E+11,5.69809E+11,5.71169E+11,5.71017E+11,5.336E+11,4.81451E+11,4.92212E+11,5.0435E+11,5.21525E+11,5.38388E+11,..
"GDP, PPP (constant 2017 international $)",NY.GDP.MKTP.PP.KD,United Arab Emirates,ARE,2.03787E+11,3.21225E+11,5.02124E+11,5.24643E+11,5.51155E+11,5.74768E+11,6.04115E+11,6.22607E+11,6.37385E+11,6.44969E+11,6.55789E+11,..
"GDP, PPP (constant 2017 international $)",NY.GDP.MKTP.PP.KD,United Kingdom,GBR,1.75349E+12,2.2425E+12,2.68281E+12,2.72248E+12,2.78073E+12,2.85324E+12,2.92045E+12,2.97646E+12,3.03278E+12,3.07344E+12,3.1184E+12,..
"GDP, PPP (constant 2017 international $)",NY.GDP.MKTP.PP.KD,United States,USA,1.00954E+13,1.41544E+13,1.70752E+13,1.74593E+13,1.7781E+13,1.82301E+13,1.87602E+13,1.90675E+13,1.95194E+13,2.00907E+13,2.05249E+13,..
"GDP, PPP (constant 2017 international $)",NY.GDP.MKTP.PP.KD,Uruguay,URY,31591728425,44139547097,62574089823,64788072955,67792644866,69988307102,70247782631,71434828370,73285946717,74473240342,74638661591,..
"GDP, PPP (constant 2017 international $)",NY.GDP.MKTP.PP.KD,Uzbekistan,UZB,70077011216,68686623295,1.43202E+11,1.53764E+11,1.65426E+11,1.77303E+11,1.90508E+11,2.02117E+11,2.11135E+11,2.22634E+11,2.35021E+11,..
"GDP, PPP (constant 2017 international $)",NY.GDP.MKTP.PP.KD,Vanuatu,VUT,423348172.6,573919287.3,774658452.8,788251771.4,803773600.2,822295333.9,823634577.1,852187242.5,889833369.2,915640586,945532494.5,..
"GDP, PPP (constant 2017 international $)",NY.GDP.MKTP.PP.KD,"Venezuela, RB",VEN,..,..,..,..,..,..,..,..,..,..,..,..
"GDP, PPP (constant 2017 international $)",NY.GDP.MKTP.PP.KD,Vietnam,VNM,1.13762E+11,2.36134E+11,4.75642E+11,5.006E+11,5.27742E+11,5.59321E+11,5.96679E+11,6.33738E+11,6.7691E+11,7.24806E+11,7.75669E+11,..
"GDP, PPP (constant 2017 international $)",NY.GDP.MKTP.PP.KD,Virgin Islands (U.S.),VIR,..,..,..,..,..,..,..,..,..,..,..,..
"GDP, PPP (constant 2017 international $)",NY.GDP.MKTP.PP.KD,West Bank and Gaza,PSE,..,13159182167,22454102733,23823007353,24942347997,24902972348,25829686576,28119389833,28518507331,28868451483,29142417270,..
"GDP, PPP (constant 2017 international $)",NY.GDP.MKTP.PP.KD,"Yemen, Rep.",YEM,..,..,..,..,..,..,..,..,..,..,..,..
"GDP, PPP (constant 2017 international $)",NY.GDP.MKTP.PP.KD,Zambia,ZMB,17602159796,20736671783,44892299081,48303033348,50745829682,53129864885,54681456236,56746599390,58735190956,61104790716,61985790147,..
"GDP, PPP (constant 2017 international $)",NY.GDP.MKTP.PP.KD,Zimbabwe,ZWE,34680999671,41269476289,32961461871,38454630820,39219682917,40151907062,40866559896,41175457656,43112365756,45194552300,41533793474,..
"GDP, PPP (constant 2017 international $)",NY.GDP.MKTP.PP.KD,Arab World,ARB,2.15855E+12,3.08892E+12,4.91406E+12,5.21245E+12,5.37507E+12,5.51588E+12,5.71922E+12,5.92443E+12,5.99539E+12,6.13821E+12,6.24816E+12,..
"GDP, PPP (constant 2017 international $)",NY.GDP.MKTP.PP.KD,Caribbean small states,CSS,61363588719,82598180086,1.11131E+11,1.12568E+11,1.13779E+11,1.14335E+11,1.15362E+11,1.13653E+11,1.14204E+11,1.16133E+11,1.17308E+11,..
"GDP, PPP (constant 2017 international $)",NY.GDP.MKTP.PP.KD,Central Europe and the Baltics,CEB,1.55317E+12,1.76122E+12,2.60211E+12,2.6222E+12,2.65858E+12,2.73921E+12,2.84676E+12,2.93733E+12,3.08403E+12,3.22348E+12,3.34881E+12,..
"GDP, PPP (constant 2017 international $)",NY.GDP.MKTP.PP.KD,Early-demographic dividend,EAR,9.21029E+12,1.34283E+13,2.21228E+13,2.30834E+13,2.41595E+13,2.53018E+13,2.6593E+13,2.79862E+13,2.9387E+13,3.05555E+13,3.13595E+13,..
"GDP, PPP (constant 2017 international $)",NY.GDP.MKTP.PP.KD,East Asia & Pacific,EAS,9.27332E+12,1.4875E+13,2.77866E+13,2.93456E+13,3.09718E+13,3.25593E+13,3.41725E+13,3.58556E+13,3.77985E+13,3.97004E+13,4.14849E+13,..
"GDP, PPP (constant 2017 international $)",NY.GDP.MKTP.PP.KD,East Asia & Pacific (excluding high income),EAP,3.48843E+12,7.27193E+12,1.81304E+13,1.94765E+13,2.08483E+13,2.22473E+13,2.36938E+13,2.52056E+13,2.68576E+13,2.85723E+13,3.02182E+13,..
"GDP, PPP (constant 2017 international $)",NY.GDP.MKTP.PP.KD,East Asia & Pacific (IDA & IBRD countries),TEA,3.48188E+12,7.25828E+12,1.8096E+13,1.94395E+13,2.08087E+13,2.2205E+13,2.36489E+13,2.51577E+13,2.68065E+13,2.8518E+13,3.01607E+13,..
"GDP, PPP (constant 2017 international $)",NY.GDP.MKTP.PP.KD,Euro area,EMU,1.02151E+13,1.27591E+13,1.46166E+13,1.44781E+13,1.44374E+13,1.46391E+13,1.49405E+13,1.52273E+13,1.56214E+13,1.59176E+13,1.61249E+13,..
"GDP, PPP (constant 2017 international $)",NY.GDP.MKTP.PP.KD,Europe & Central Asia,ECS,1.9809E+13,2.19119E+13,2.8141E+13,2.83337E+13,2.86783E+13,2.91904E+13,2.97138E+13,3.02834E+13,3.1197E+13,3.19374E+13,3.24772E+13,..
"GDP, PPP (constant 2017 international $)",NY.GDP.MKTP.PP.KD,Europe & Central Asia (excluding high income),ECA,5.55836E+12,4.13851E+12,7.13547E+12,7.40362E+12,7.6783E+12,7.81229E+12,7.83626E+12,7.95367E+12,8.25131E+12,8.4997E+12,8.65667E+12,..
"GDP, PPP (constant 2017 international $)",NY.GDP.MKTP.PP.KD,Europe & Central Asia (IDA & IBRD countries),TEC,6.38814E+12,5.1156E+12,8.61807E+12,8.90502E+12,9.20634E+12,9.38923E+12,9.47228E+12,9.64886E+12,1.00393E+13,1.03759E+13,1.06144E+13,..
"GDP, PPP (constant 2017 international $)",NY.GDP.MKTP.PP.KD,European Union,EUU,1.20409E+13,1.4905E+13,1.75976E+13,1.747E+13,1.7469E+13,1.77581E+13,1.81823E+13,1.85696E+13,1.9116E+13,1.95513E+13,1.98856E+13,..
"GDP, PPP (constant 2017 international $)",NY.GDP.MKTP.PP.KD,Fragile and conflict affected situations,FCS,..,..,..,..,..,..,..,..,..,..,..,..
"GDP, PPP (constant 2017 international $)",NY.GDP.MKTP.PP.KD,Heavily indebted poor countries (HIPC),HPC,6.21329E+11,7.87504E+11,1.37784E+12,1.46009E+12,1.54553E+12,1.63183E+12,1.71174E+12,1.79228E+12,1.88154E+12,1.9607E+12,2.04437E+12,..
"GDP, PPP (constant 2017 international $)",NY.GDP.MKTP.PP.KD,High income,HIC,3.25791E+13,4.28617E+13,5.27446E+13,5.34612E+13,5.42708E+13,5.54538E+13,5.67973E+13,5.7837E+13,5.92665E+13,6.06399E+13,6.16683E+13,..
"GDP, PPP (constant 2017 international $)",NY.GDP.MKTP.PP.KD,IBRD only,IBD,1.77294E+13,2.39032E+13,4.51986E+13,4.74928E+13,4.9891E+13,5.2185E+13,5.43862E+13,5.69342E+13,5.98485E+13,6.25922E+13,6.49465E+13,..
"GDP, PPP (constant 2017 international $)",NY.GDP.MKTP.PP.KD,IDA & IBRD total,IBT,1.95443E+13,2.62659E+13,4.95265E+13,5.20505E+13,5.47157E+13,5.72877E+13,5.97328E+13,6.2495E+13,6.56708E+13,6.86958E+13,7.12869E+13,..
"GDP, PPP (constant 2017 international $)",NY.GDP.MKTP.PP.KD,IDA blend,IDB,8.78495E+11,1.11738E+12,2.00356E+12,2.09324E+12,2.20986E+12,2.33599E+12,2.43035E+12,2.48776E+12,2.56981E+12,2.6736E+12,2.73195E+12,..
"GDP, PPP (constant 2017 international $)",NY.GDP.MKTP.PP.KD,IDA only,IDX,9.63351E+11,1.28044E+12,2.38969E+12,2.5366E+12,2.69392E+12,2.85324E+12,3.01104E+12,3.17642E+12,3.36546E+12,3.55243E+12,3.74337E+12,..
"GDP, PPP (constant 2017 international $)",NY.GDP.MKTP.PP.KD,IDA total,IDA,1.85335E+12,2.40824E+12,4.40599E+12,4.64047E+12,4.91392E+12,5.19957E+12,5.44931E+12,5.66602E+12,5.93157E+12,6.21877E+12,6.46034E+12,..
"GDP, PPP (constant 2017 international $)",NY.GDP.MKTP.PP.KD,Late-demographic dividend,LTE,9.77461E+12,1.32637E+13,2.7467E+13,2.90171E+13,3.0557E+13,3.20182E+13,3.33425E+13,3.4721E+13,3.64661E+13,3.83256E+13,4.00377E+13,..
"GDP, PPP (constant 2017 international $)",NY.GDP.MKTP.PP.KD,Latin America & Caribbean,LCN,4.77606E+12,6.59946E+12,9.36111E+12,9.60817E+12,9.89139E+12,1.00455E+13,1.01182E+13,1.0126E+13,1.03253E+13,1.04903E+13,1.05729E+13,..
"GDP, PPP (constant 2017 international $)",NY.GDP.MKTP.PP.KD,Latin America & Caribbean (excluding high income),LAC,4.47808E+12,6.10292E+12,8.63076E+12,8.84479E+12,9.10145E+12,9.24203E+12,9.29751E+12,9.29362E+12,9.48333E+12,9.6292E+12,9.70075E+12,..
"GDP, PPP (constant 2017 international $)",NY.GDP.MKTP.PP.KD,Latin America & the Caribbean (IDA & IBRD countries),TLA,4.60738E+12,6.35832E+12,9.07385E+12,9.31723E+12,9.59742E+12,9.75079E+12,9.82324E+12,9.832E+12,1.00319E+13,1.02E+13,1.02798E+13,..
"GDP, PPP (constant 2017 international $)",NY.GDP.MKTP.PP.KD,Least developed countries: UN classification,LDC,7.70294E+11,1.04025E+12,2.05996E+12,2.18754E+12,2.31801E+12,2.45726E+12,2.58581E+12,2.71086E+12,2.85425E+12,2.9975E+12,3.14761E+12,..
"GDP, PPP (constant 2017 international $)",NY.GDP.MKTP.PP.KD,Low & middle income,LMY,1.86153E+13,2.50438E+13,4.7684E+13,5.01707E+13,5.27958E+13,5.53153E+13,5.76953E+13,6.04005E+13,6.34839E+13,6.64095E+13,6.8921E+13,..
"GDP, PPP (constant 2017 international $)",NY.GDP.MKTP.PP.KD,Low income,LIC,5.06436E+11,5.84914E+11,1.11972E+12,1.18097E+12,1.24984E+12,1.32148E+12,1.38988E+12,1.45941E+12,1.52587E+12,1.58628E+12,1.65487E+12,..
"GDP, PPP (constant 2017 international $)",NY.GDP.MKTP.PP.KD,Lower middle income,LMC,5.06124E+12,6.77021E+12,1.25538E+13,1.31808E+13,1.38979E+13,1.46865E+13,1.55184E+13,1.6436E+13,1.73687E+13,1.83042E+13,1.90546E+13,..
"GDP, PPP (constant 2017 international $)",NY.GDP.MKTP.PP.KD,Middle East & North Africa,MEA,2.70045E+12,3.86122E+12,6.07145E+12,6.2916E+12,6.45593E+12,6.64873E+12,6.83582E+12,7.18204E+12,7.30737E+12,7.39246E+12,7.44072E+12,..
"GDP, PPP (constant 2017 international $)",NY.GDP.MKTP.PP.KD,Middle East & North Africa (excluding high income),MNA,1.55938E+12,2.21102E+12,3.42E+12,3.50321E+12,3.56625E+12,3.65264E+12,3.71918E+12,3.99186E+12,4.11572E+12,4.1313E+12,4.14781E+12,..
"GDP, PPP (constant 2017 international $)",NY.GDP.MKTP.PP.KD,Middle East & North Africa (IDA & IBRD countries),TMN,1.55099E+12,2.19798E+12,3.39758E+12,3.47936E+12,3.54124E+12,3.62771E+12,3.69329E+12,3.96364E+12,4.08713E+12,4.10234E+12,4.11857E+12,..
"GDP, PPP (constant 2017 international $)",NY.GDP.MKTP.PP.KD,Middle income,MIC,1.81627E+13,2.44967E+13,4.66388E+13,4.9069E+13,5.16316E+13,5.40872E+13,5.64065E+13,5.90482E+13,6.20681E+13,6.49354E+13,6.73851E+13,..
"GDP, PPP (constant 2017 international $)",NY.GDP.MKTP.PP.KD,North America,NAC,1.10614E+13,1.53068E+13,1.86625E+13,1.90742E+13,1.94333E+13,1.99295E+13,2.04709E+13,2.07952E+13,2.13018E+13,2.1909E+13,2.23732E+13,..
"GDP, PPP (constant 2017 international $)",NY.GDP.MKTP.PP.KD,Not classified,INX,..,..,..,..,..,..,..,..,..,..,..,..
"GDP, PPP (constant 2017 international $)",NY.GDP.MKTP.PP.KD,OECD members,OED,3.24995E+13,4.26552E+13,5.17806E+13,5.24734E+13,5.33073E+13,5.44794E+13,5.58776E+13,5.6913E+13,5.84366E+13,5.97941E+13,6.07843E+13,..
"GDP, PPP (constant 2017 international $)",NY.GDP.MKTP.PP.KD,Other small states,OSS,..,2.87054E+11,5.73586E+11,5.95015E+11,6.16809E+11,6.3964E+11,6.57768E+11,6.75042E+11,6.83663E+11,6.97774E+11,7.12201E+11,..
"GDP, PPP (constant 2017 international $)",NY.GDP.MKTP.PP.KD,Pacific island small states,PSS,9193768834,11672335201,14404459666,14541522243,15095512622,15731436334,16352607882,16894805441,17659725171,18214575928,18258081962,..
"GDP, PPP (constant 2017 international $)",NY.GDP.MKTP.PP.KD,Post-demographic dividend,PST,3.08387E+13,3.9344E+13,4.73551E+13,4.78608E+13,4.84916E+13,4.94011E+13,5.04064E+13,5.12683E+13,5.25398E+13,5.36958E+13,5.45664E+13,..
"GDP, PPP (constant 2017 international $)",NY.GDP.MKTP.PP.KD,Pre-demographic dividend,PRE,1.05987E+12,1.31341E+12,2.47291E+12,2.62857E+12,2.78366E+12,2.92302E+12,3.01804E+12,3.11064E+12,3.16506E+12,3.23704E+12,3.33781E+12,..
"GDP, PPP (constant 2017 international $)",NY.GDP.MKTP.PP.KD,Small states,SST,..,3.81415E+11,6.99121E+11,7.22114E+11,7.45665E+11,7.69693E+11,7.89473E+11,8.05588E+11,8.15526E+11,8.3212E+11,8.47776E+11,..
"GDP, PPP (constant 2017 international $)",NY.GDP.MKTP.PP.KD,South Asia,SAS,2.16323E+12,3.61485E+12,7.0005E+12,7.38418E+12,7.83029E+12,8.37247E+12,8.99179E+12,9.68442E+12,1.03432E+13,1.09742E+13,1.14268E+13,..
"GDP, PPP (constant 2017 international $)",NY.GDP.MKTP.PP.KD,South Asia (IDA & IBRD),TSA,2.16323E+12,3.61485E+12,7.0005E+12,7.38418E+12,7.83029E+12,8.37247E+12,8.99179E+12,9.68442E+12,1.03432E+13,1.09742E+13,1.14268E+13,..
"GDP, PPP (constant 2017 international $)",NY.GDP.MKTP.PP.KD,Sub-Saharan Africa,SSF,1.44602E+12,1.76994E+12,3.17159E+12,3.3258E+12,3.5002E+12,3.67357E+12,3.79193E+12,3.85583E+12,3.96466E+12,4.0755E+12,4.18689E+12,..
"GDP, PPP (constant 2017 international $)",NY.GDP.MKTP.PP.KD,Sub-Saharan Africa (excluding high income),SSA,1.4366E+12,1.7543E+12,3.14778E+12,3.30121E+12,3.47474E+12,3.64714E+12,3.76453E+12,3.82735E+12,3.93507E+12,4.04479E+12,4.15519E+12,..
"GDP, PPP (constant 2017 international $)",NY.GDP.MKTP.PP.KD,Sub-Saharan Africa (IDA & IBRD countries),TSS,1.44602E+12,1.76994E+12,3.17159E+12,3.3258E+12,3.5002E+12,3.67357E+12,3.79193E+12,3.85583E+12,3.96466E+12,4.0755E+12,4.18689E+12,..
"GDP, PPP (constant 2017 international $)",NY.GDP.MKTP.PP.KD,Upper middle income,UMC,1.30617E+13,1.76739E+13,3.39939E+13,3.57931E+13,3.76329E+13,3.92917E+13,4.07687E+13,4.24821E+13,4.45602E+13,4.64818E+13,4.81737E+13,..
,,,,,,,,,,,,,,,
,,,,,,,,,,,,,,,
,,,,,,,,,,,,,,,
Data from database: World Development Indicators,,,,,,,,,,,,,,,
Last Updated: 12/16/2020,,,,,,,,,,,,,,,
